dim1,dim2,cluster
1.000000,2.000000,0
4.000000,5.000000,1
7.000000,8.000000,2
